Workbook

Sheet scenarios_as_columns
A1: Filters | B1: output | C1: explanation | D1: unit | E1: references | F1: normalize_by | G1: mean value | H1: std | I1: min | J1: max | K1: usually_passing | L1: comment | M1: scale | N1: check_single_values | O1: check_collar | P1: check_sum | Q1: check_mean | R1: expected_correlation_with | S1: positive_correlation
A2: specie | B2: Nm | C2: Root segment symplasmic mineral nitrogen massic concentrations (mol of Nitrate + Amonium per g of dry structuram mass) | D2: mol.g-1 | E2: (Siddiqi et al. 1989; Walker et al. 2001; Devienne, Mary, et Lamaze 1994; Barillot, Chambon, et Andrieu 2016) | F2: =NA() -> #N/A | G2: 0.0001 | H2: =NA() -> #N/A | I2: 1e-05 | J2: 0.005 | K2: TRUE | M2: root_segment | N2: FALSE | O2: FALSE | P2: FALSE | Q2: TRUE | R2: distance_from_tip | S2: FALSE
A3: no | B3: AA | C3: Root segment symplasmic amino acid massic concentrations (mol of Nitrate + Amonium per g of dry structuram mass) | D3: mol.g-1 | E3: Azevedo et al. 2009 | F3: =NA() -> #N/A | G3: {=AVERAGE(_xlfn._xlws.FILTER('reference_list&conversion'!V:V, ('reference_list&conversion'!$A:$A=$B3)*IF($A$3="no",1,'reference_list&conversion'!$D:$D=$A$3)))} -> 0.00016393324 | H3: {=IFERROR(SQRT(AVERAGE(_xlfn._xlws.FILTER('reference_list&conversion'!W:W, 'reference_list&conversion'!$A:$A=$B3)^2) + _xlfn.VAR.S(_xlfn._xlws.FILTER('reference_list&conversion'!V:V, ('reference_list&conversion'!$A:$A=$B3)*IF($A$3="no",1,'reference_list&conversion'!$D:$D=$A$3)))),NA())} -> #N/A | I3: 0.0006395 | J3: 0.001186 | K3: TRUE | M3: root_segment | N3: FALSE | O3: FALSE | P3: FALSE | Q3: TRUE | R3: distance_from_tip | S3: FALSE
B4: import_Nm | C4: Soil -> Root segment symplasm mineral nitrogen active import | D4: mol.s-1.m-1 | E4: (Kuhlmann et Barraclough 1987 ; Le Deunff, Malagoli, et Decau 2019; York, Silberbush, et Lynch 2016) | F4: length | G4: 1e-09 | H4: =NA() -> #N/A | I4: 1e-11 | J4: 1e-06 | K4: TRUE | M4: root_segment | N4: FALSE | O4: FALSE | P4: TRUE | Q4: FALSE | R4: distance_from_tip | S4: TRUE
B5: import_Nm | C5: Plant scale Soil -> Root segment symplasm mineral nitrogen active import | D5: mol.s-1.g-1 | E5: (Fischer et al. 1966; Gauthier et al. 2020) | F5: struct_mass | G5: 5.5e-09 | H5: =NA() -> #N/A | I5: =MIN(0.0000000023,0.00000000034) -> 3.4e-10 | J5: =MAX(0.0000012, 0.0000000057) -> 1.2e-06 | K5: TRUE | M5: root_system | N5: FALSE | O5: FALSE | P5: TRUE | Q5: FALSE | R5: =NA() -> #N/A | S5: =NA() -> #N/A
B6: import_Nm | C6: Plant scale Soil -> Root segment symplasm mineral nitrogen active import | D6: mol.s-1.g-1 | E6: Devienne et al. 1994 | F6: struct_mass | G6: 5.5e-09 | H6: =NA() -> #N/A | I6: =0.6*0.000001*10/3600 -> 1.6666667e-09 | J6: =8.2*0.000001*10/3600 -> 2.2777778e-08 | K6: TRUE | M6: root_system | N6: FALSE | O6: FALSE | P6: TRUE | Q6: FALSE | R6: =NA() -> #N/A | S6: =NA() -> #N/A
B7: Nm_root_shoot_xylem | C7: Export of nitrate through the water advection flux of xylem | D7: mol.h-1.g-1 | E7: (Fischer et al. 1966) | F7: struct_mass | G7: 8.8e-05 | H7: =NA() -> #N/A | I7: 1e-05 | J7: 0.00047 | K7: TRUE | M7: root_system | N7: FALSE | O7: FALSE | P7: TRUE | Q7: FALSE | R7: =NA() -> #N/A | S7: =NA() -> #N/A
B8: radial_import_water | C8: Import of water from soil to the xylem | D8: mol.s-1.g-1 | E8: (Fischer et al. 1966) | F8: struct_mass | G8: 1e-08 | H8: =NA() -> #N/A | I8: 1e-05 | J8: 0.0007 | K8: TRUE | M8: root_system | N8: FALSE | O8: FALSE | P8: TRUE | Q8: FALSE | R8: =NA() -> #N/A | S8: =NA() -> #N/A
B9: xylem_pressure_in | C9: Xylem hydrostatic water potential | D9: Pa | E9: Common knowledge | F9: =NA() -> #N/A | G9: 0 | H9: =NA() -> #N/A | I9: -10000000 | J9: -100 | K9: TRUE | M9: root_system | N9: FALSE | O9: FALSE | P9: FALSE | Q9: TRUE | R9: =NA() -> #N/A | S9: =NA() -> #N/A
B10: axial_export_water_up | C10: Collar export to aerial organs | D10: mol.s-1.g-1 | E10: (Fischer et al. 1966) | F10: struct_mass | G10: 0.0001 | H10: =NA() -> #N/A | I10: 1e-05 | J10: 0.0007 | K10: TRUE | M10: root_system | N10: FALSE | O10: TRUE | P10: FALSE | Q10: FALSE | R10: =NA() -> #N/A | S10: =NA() -> #N/A
B11: diffusion_AA_soil+diffusion_AA_soil_xylem-import_AA | C11: Net amino-acid rhizodeposition | D11: mol.s-1.g-1 | E11: Cao et al., 2021 | F11: struct_mass | G11: {=AVERAGE(_xlfn._xlws.FILTER('reference_list&conversion'!V:V, ('reference_list&conversion'!$A:$A=$B11)*IF($A$3="no",1,'reference_list&conversion'!$D:$D=$A$3)))} -> 9.0460036e-10 | H11: {=IFERROR(SQRT(AVERAGE(_xlfn._xlws.FILTER('reference_list&conversion'!W:W, 'reference_list&conversion'!$A:$A=$B11)^2) + _xlfn.VAR.S(_xlfn._xlws.FILTER('reference_list&conversion'!V:V, ('reference_list&conversion'!$A:$A=$B11)*IF($A$3="no",1,'reference_list&conversion'!$D:$D=$A$3)))),NA())} -> 1.2809901e-09 | I11: {=MIN(_xlfn._xlws.FILTER('reference_list&conversion'!X:X,('reference_list&conversion'!$A:$A=$B11)*IF($A$3="no",1,'reference_list&conversion'!$D:$D=$A$3)))} -> 8.3333333e-13 | J11: {=MAX(_xlfn._xlws.FILTER('reference_list&conversion'!Y:Y,('reference_list&conversion'!$A:$A=$B11)*IF($A$3="no",1,'reference_list&conversion'!$D:$D=$A$3)))} -> 2.0663913e-09 | K11: TRUE | M11: root_segment | N11: FALSE | O11: FALSE | P11: TRUE | Q11: FALSE | R11: =NA() -> #N/A | S11: =NA() -> #N/A
B12: diffusion_AA_soil+diffusion_AA_soil_xylem | C12: Raw amino-acid rhizodeposition | D12: mol.s-1.g-1 | E12: Lessufleur et al. 2007 | F12: struct_mass | G12: {=AVERAGE(_xlfn._xlws.FILTER('reference_list&conversion'!V:V, ('reference_list&conversion'!$A:$A=$B12)*IF($A$3="no",1,'reference_list&conversion'!$D:$D=$A$3)))} -> 6.9313417e-09 | H12: {=IFERROR(SQRT(AVERAGE(_xlfn._xlws.FILTER('reference_list&conversion'!W:W, 'reference_list&conversion'!$A:$A=$B12)^2) + _xlfn.VAR.S(_xlfn._xlws.FILTER('reference_list&conversion'!V:V, ('reference_list&conversion'!$A:$A=$B12)*IF($A$3="no",1,'reference_list&conversion'!$D:$D=$A$3)))),NA())} -> #N/A | I12: {=MIN(_xlfn._xlws.FILTER('reference_list&conversion'!X:X,('reference_list&conversion'!$A:$A=$B12)*IF($A$3="no",1,'reference_list&conversion'!$D:$D=$A$3)))} -> 2.8432914e-09 | J12: {=MAX(_xlfn._xlws.FILTER('reference_list&conversion'!Y:Y,('reference_list&conversion'!$A:$A=$B12)*IF($A$3="no",1,'reference_list&conversion'!$D:$D=$A$3)))} -> 1.1019392e-08 | K12: FALSE | L12: Prefered validating on Cao since it is field conditions matching Swinnen temperatures | M12: root_system | N12: FALSE | O12: FALSE | P12: TRUE | Q12: FALSE | R12: =NA() -> #N/A | S12: =NA() -> #N/A
B13: deficit_xylem_Nm | C13: Root segment nitrate deficit introduced for model stability | D13: mol.s-1 | E13: Common knowledge | F13: =NA() -> #N/A | G13: 0 | H13: 0 | I13: 0 | J13: 0 | K13: TRUE | M13: root_segment | N13: FALSE | O13: FALSE | P13: TRUE | Q13: FALSE | R13: =NA() -> #N/A | S13: =NA() -> #N/A
B14: deficit_Nm | C14: Root segment nitrate deficit introduced for model stability | D14: mol.s-1 | E14: Common knowledge | F14: =NA() -> #N/A | G14: 0 | H14: 0 | I14: 0 | J14: 0 | K14: TRUE | M14: root_segment | N14: FALSE | O14: FALSE | P14: TRUE | Q14: FALSE | R14: =NA() -> #N/A | S14: =NA() -> #N/A
B15: deficit_AA | C15: Root segment nitrate deficit introduced for model stability | D15: mol.s-1 | E15: Common knowledge | F15: =NA() -> #N/A | G15: 0 | H15: 0 | I15: 0 | J15: 0 | K15: TRUE | M15: root_segment | N15: FALSE | O15: FALSE | P15: TRUE | Q15: FALSE | R15: =NA() -> #N/A | S15: =NA() -> #N/A
B16: deficit_AA_phloem | C16: Root segment nitrate deficit introduced for model stability | D16: mol.s-1 | E16: Common knowledge | F16: =NA() -> #N/A | G16: 0 | H16: 0 | I16: 0 | J16: 0 | K16: TRUE | M16: root_segment | N16: FALSE | O16: FALSE | P16: TRUE | Q16: FALSE | R16: =NA() -> #N/A | S16: =NA() -> #N/A
B17: deficit_xylem_AA | C17: Root segment nitrate deficit introduced for model stability | D17: mol.s-1 | E17: Common knowledge | F17: =NA() -> #N/A | G17: 0 | H17: 0 | I17: 0 | J17: 0 | K17: TRUE | M17: root_segment | N17: FALSE | O17: FALSE | P17: TRUE | Q17: FALSE | R17: =NA() -> #N/A | S17: =NA() -> #N/A
B18: deficit_hexose_reserve | C18: Root segment nitrate deficit introduced for model stability | D18: mol.s-1 | E18: Common knowledge | F18: =NA() -> #N/A | G18: 0 | H18: 0 | I18: 0 | J18: 0 | K18: TRUE | M18: root_segment | N18: FALSE | O18: FALSE | P18: TRUE | Q18: FALSE | R18: =NA() -> #N/A | S18: =NA() -> #N/A
B19: deficit_hexose_root | C19: Root segment nitrate deficit introduced for model stability | D19: mol.s-1 | E19: Common knowledge | F19: =NA() -> #N/A | G19: 0 | H19: 0 | I19: 0 | J19: 0 | K19: TRUE | M19: root_segment | N19: FALSE | O19: FALSE | P19: TRUE | Q19: FALSE | R19: =NA() -> #N/A | S19: =NA() -> #N/A
B20: deficit_sucrose_root | C20: Root segment nitrate deficit introduced for model stability | D20: mol.s-1 | E20: Common knowledge | F20: =NA() -> #N/A | G20: 0 | H20: 0 | I20: 0 | J20: 0 | K20: TRUE | M20: root_segment | N20: FALSE | O20: FALSE | P20: TRUE | Q20: FALSE | R20: =NA() -> #N/A

Sheet reference_list&conversion
A1: target_variable | B1: reference | C1: variable description | D1: specie | E1: variety | F1: age (days) | G1: Themal age (°C.days) | H1: scale | I1: organ type | J1: soil type | K1: heterogeneity | L1: Sampling technique | M1: Analyzed with | N1: Calculation technique | O1: Modality selection comment | P1: mean_original_value | Q1: std_original_value | R1: min_original_value | S1: max_original_value | T1: original_unit | U1: target_unit | V1: converted_mean_value | W1: converted_std_value | X1: converted_min_value | Y1: converted_max_value | Z1: conversion_assumptions | AA1: repartition_law | AB1: parameter_bounds | AC1: repartition_arguments
A2: import_Nm | B2: York et al. 2016 | C2: local nitrate uptake | D2: Zea mays | E2: Dekalb | F2: 15 | G2: =NA() -> #N/A | H2: root segment | I2: seminal | J2: hydroponics | K2: homogeneous | L2: PVC tube with silicon septum filled with nutrient solution and after 1h remaining concentration was assessed through septum (destructive, with root segment structural properties also measured). | M2: =NA() -> #N/A | N2: Variation of flux to estimate MM parameters were performed between 250 µM and 2.5 mM concentrations. | O2: Ignored kinetics observed at 0 mM which are not realistic | P2: =NA() -> #N/A | Q2: =NA() -> #N/A | R2: 10 | S2: 26.64 | T2: pmol.cm-2.s-1 | U2: mol.m-1.s-1 | V2: =NA() -> #N/A | W2: =NA() -> #N/A | X2: =R2*2*PI()*0.0002/1000000000 -> 1.2566371e-11 | Y2: =S2*2*PI()*0.0002/1000000000 -> 3.3476811e-11 | Z2: Seminal radius = 2e-4 m | AA2: correlation | AB2: [(0., -1)] | AC2: distance_from_tip
A3: diffusion_AA_soil+diffusion_AA_soil_xylem-import_AA | B3: Cao et al., 2021 | C3: Net rate of organic nitrogen rhizodeposition | D3: Triticum aestivum | E3: Liaochun 17 | F3: 35 | G3: 499 | H3: root system | I3: =NA() -> #N/A | J3: soil | K3: heterogeneous (binary) | L3: split root half 15N labelled | M3: 15N isotopy | N3: Isotope mass balance (Hupe et al. 2016) | O3: Only 35 days to stay in vegetative stage | P3: 7 | Q3: 0.5 | R3: 6.5 | S3: 8 | T3: mg.plant-1 | U3: mol.g-1.s-1 | V3: =(P3*0.0045)/(0.0346*(EXP(0.0045*$F$3*24)-1)*$F$3*24)/1000/14 -> 1.8080924e-09 | W3: =(Q3*0.0045)/(0.0346*(EXP(0.0045*$F$3*24)-1)*$F$3*24)/1000/14 -> 1.2914946e-10 | X3: =(R3*0.0045)/(0.0346*(EXP(0.0045*$F$3*24)-1)*$F$3*24)/1000/14 -> 1.6789429e-09 | Y3: =(S3*0.0045)/(0.0346*(EXP(0.0045*$F$3*24)-1)*$F$3*24)/1000/14 -> 2.0663913e-09 | Z3: - massic rate was constant over the growth period - with supposed exp growth paremeters derived from seed mass and measured FW / 10 at 35 days = 325 mg (Fig3). A is derived from Fischer 1966. b is derived from this study (measured mass). - with the molar mass supposed to correspond to 14N only. - with weather data from https://www.ncei.noaa.gov/access/search/data-search/daily-summaries?pageNum=1&startDate=2014-04-05T00:00:00&endDate=2014-06-14T23:59:59&bbox=42.198,123.027,41.386,123.839 - mean number of N = 1 | AA3: =NA() -> #N/A | AB3: =NA() -> #N/A | AC3: =NA() -> #N/A
A4: diffusion_AA_soil+diffusion_AA_soil_xylem | B4: Lessufleur et al. 2007 | C4: Raw rate of organic nitrogen rhizodeposition | D4: Lolium perenne | E4: =NA() -> #N/A | F4: 30 | G4: =F4*(20*16+15*8)/24 -> 550 | H4: root system | I4: =NA() -> #N/A | J4: sand | K4: homogeneous | L4: Parallel measure of amino acid 15N influx and % of 15N in the medium | M4: 15N isotopy | N4: 15N efflux has been computed knowing the influx and measuring the decrease in 15N abundance vs 14N in the medium | O4: Values for Serine and ryegrass as it represents closest specie to wheat | P4: 5.29 | Q4: 3.12 | R4: =P4-Q4 -> 2.17 | S4: =P4+Q4 -> 8.41 | T4: µmol.g-1 DW.h-1 | U4: mol.g-1.s-1 | V4: =P4/1000000/3600/0.212 -> 6.9313417e-09 | W4: =Q4/1000000/3600/0.212 -> 4.0880503e-09 | X4: =R4/1000000/3600/0.212 -> 2.8432914e-09 | Y4: =S4/1000000/3600/0.212 -> 1.1019392e-08 | Z4: o Using the reported proportion of serine (21.2%) in root exudates o number of N per serine = 1 | AA4: =NA() -> #N/A | AB4: =NA() -> #N/A | AC4: =NA() -> #N/A
A5: diffusion_AA_soil+diffusion_AA_soil_xylem-import_AA | B5: Carvalais et al. 2011 | C5: Net rate of organic nitrogen rhizodeposition | D5: Zea mays | E5: Surprise | F5: 15 | G5: =F5*(25*16+20*8)/24 -> 350 | H5: root system | I5: =NA() -> #N/A | J5: hydroponics | K5: homogeneous | L5: Solution sampling | M5: HPLC | N5: =NA() -> #N/A | O5: Only control because we don't consider stess yet | P5: 399 | Q5: 99 | R5: =P5-Q5 -> 300 | S5: =P5+Q5 -> 498 | T5: pmol.g-1 FW.h-1 | U5: mol.g-1.s-1 | V5: =P5/0.1/3600/1000000000000 -> 1.1083333e-12 | W5: =Q5/0.1/3600/1000000000000 -> 2.75e-13 | X5: =R5/0.1/3600/1000000000000 -> 8.3333333e-13 | Y5: =S5/0.1/3600/1000000000000 -> 1.3833333e-12 | Z5: o Supposing the DW/FW ratio equals 0.1 | AA5: =NA() -> #N/A | AB5: =NA() -> #N/A | AC5: =NA() -> #N/A
A6: AA | B6: Rigano et al. 1966 | C6: Massic concentration of total soluble amino acids | D6: Hordeum vulgare | E6: distica penice | F6: 10 | G6: =F6*21 -> 210 | H6: root system | I6: =NA() -> #N/A | J6: hydroponics | K6: homogeneous | L6: After frozen grounding, 20/80 water/ethanol extraction | M6: HPLC | N6: =NA() -> #N/A | O6: Ignored points before 2h because seedlings were grown in N free medium before | P6: 2.4589986 | Q6: 2.5313113 | R6: 1.0964286 | S6: 3.7086134 | T6: µmol glutamine.g-1 FW | U6: mol.g-1 | V6: =P6/1000000/0.1/0.15 -> 0.00016393324 | W6: =Q6/1000000/0.1/0.15 -> 0.00016875408 | X6: =R6/1000000/0.1/0.15 -> 7.3095238e-05 | Y6: =S6/1000000/0.1/0.15 -> 0.0002472409 | Z6: o Supposing the DW/FW ratio equals 0.2 o Supposing glutamine accounts for 15 % of total amino acids from Lessufleur et al. 2007 | AA6: =NA() -> #N/A | AB6: =NA() -> #N/A | AC6: =NA() -> #N/A
A7: Nm | B7: Siddiqi et al., 1989 | C7: Massic concentration of nitrate and amonium | D7: Hordeum vulgare | E7: klondike

Sheet alignment_estimator
A1: days since sowing | B1: time (h) | C1: Constant mean daily temperature (°C) | D1: thermal time if constant average (°C.d) | E1: Mean temperature data (°C) | F1: thermal time if variable average (°C.d) | G1: FW data (g) | H1: DW data (g) | I1: DW computed (g) | J1: plotted DW (g) | K1: exp_a | L1: exp_b | M1: predict if data missing (g DW)
A2: 1 | B2: =A2*24 -> 24 | C2: 18 | D2: =A2*$C$2 -> 18 | E2: 15 | F2: =(E2)*(A2-0) -> 15 | G2: 0.035 | H2: =NA() -> #N/A | I2: =G2/10 -> 0.0035 | J2: =I2 -> 0.0035 | K2: 0.0033 | L2: 0.0044 | M2: =$K$2*EXP(F2*$L$2) -> 0.0035251482
A3: 3 | B3: =A3*24 -> 72 | D3: =A3*$C$2 -> 54 | E3: 15 | F3: =F2+((E3+E2)/2)*(A3-A2) -> 45 | G3: =NA() -> #N/A | H3: =NA() -> #N/A | I3: =G3/10 -> #N/A | J3: =I3 -> #N/A | M3: =$K$2*EXP(F3*$L$2) -> 0.0040225759
A4: 5 | B4: =A4*24 -> 120 | D4: =A4*$C$2 -> 90 | E4: 15 | F4: =F3+((E4+E3)/2)*(A4-A3) -> 75 | G4: =NA() -> #N/A | H4: =NA() -> #N/A | I4: =G4/10 -> #N/A | J4: =I4 -> #N/A | M4: =$K$2*EXP(F4*$L$2) -> 0.0045901948
A5: 6 | B5: =A5*24 -> 144 | D5: =A5*$C$2 -> 108 | E5: 15 | F5: =F4+((E5+E4)/2)*(A5-A4) -> 90 | G5: =NA() -> #N/A | H5: =NA() -> #N/A | I5: =G5/10 -> #N/A | J5: =I5 -> #N/A | M5: =$K$2*EXP(F5*$L$2) -> 0.0049033687
A6: 35 | B6: =A6*24 -> 840 | D6: =A6*$C$2 -> 630 | E6: 15 | F6: =F5+((E6+E5)/2)*(A6-A5) -> 525 | G6: 0.325 | H6: =NA() -> #N/A | I6: =G6/10 -> 0.0325 | J6: =I6 -> 0.0325 | M6: =$K$2*EXP(F6*$L$2) -> 0.033245601
B7: =A7*24 -> 0
B8: =A8*24 -> 0
B9: =A9*24 -> 0
B10: =A10*24 -> 0
B11: =A11*24 -> 0
B12: =A12*24 -> 0
B13: =A13*24 -> 0
B14: =A14*24 -> 0
B15: =A15*24 -> 0
B16: =A16*24 -> 0
B17: =A17*24 -> 0
B18: =A18*24 -> 0
... B27: =A27*24 -> 0

Sheet exp_growth_parameters
A1: paper | B1: specie | C1: variety | D1: exp_a | E1: exp_b | F1: R2
A2: Fischer et Kohn 1966 | B2: Triticum aestivum | C2: =NA() -> #N/A | D2: 0.0288 | E2: 0.0044 | F2: 0.9513

Sheet Comparison_with_parameters.py
A1: List from 'updated_parameters.csv' | B1: List from 'scenario_as_columns' sheet | C1: Missing parameters in 'scenario_as_columns' sheet
A2: pi | B2: random | C2: =IF(ISNA(VLOOKUP(A2,$B$2:$B$170,1,FALSE)),A2,"") -> pi
A3: random_choice | B3: random_choice | C3: =IF(ISNA(VLOOKUP(A3,$B$2:$B$170,1,FALSE)),A3,"")
A4: D_ini | B4: simulation_period_in_days | C4: =IF(ISNA(VLOOKUP(A4,$B$2:$B$170,1,FALSE)),A4,"")
A5: D_sem_to_D_ini_ratio | B5: time_step_in_days | C5: =IF(ISNA(VLOOKUP(A5,$B$2:$B$170,1,FALSE)),A5,"")
A6: D_adv_to_D_ini_ratio | B6: recording_interval_in_days | C6: =IF(ISNA(VLOOKUP(A6,$B$2:$B$170,1,FALSE)),A6,"")
A7: Dmin | B7: input_file | C7: =IF(ISNA(VLOOKUP(A7,$B$2:$B$170,1,FALSE)),A7,"")
A8: EL | B8: input_file_time_step_in_days | C8: =IF(ISNA(VLOOKUP(A8,$B$2:$B$170,1,FALSE)),A8,"")
A9: SGC | B9: forcing_constant_inputs | C9: =IF(ISNA(VLOOKUP(A9,$B$2:$B$170,1,FALSE)),A9,"")
A10: RMD | B10: constant_sucrose_input_rate | C10: =IF(ISNA(VLOOKUP(A10,$B$2:$B$170,1,FALSE)),A10,"")
A11: CVDD | B11: constant_soil_temperature_in_Celsius | C11: =IF(ISNA(VLOOKUP(A11,$B$2:$B$170,1,FALSE)),A11,"")
A12: emergence_delay | B12: nodules_option | C12: =IF(ISNA(VLOOKUP(A12,$B$2:$B$170,1,FALSE)),A12,"")
A13: IPD | B13: root_order_limitation | C13: =IF(ISNA(VLOOKUP(A13,$B$2:$B$170,1,FALSE)),A13,"")
... A157: root_hairs_display | B157: Plant_genotype | C157: =IF(ISNA(VLOOKUP(A157,$B$2:$B$170,1,FALSE)),A157,"")
A158: camera_rotation | C158: =IF(ISNA(VLOOKUP(A158,$B$2:$B$170,1,FALSE)),A158,"")
A159: camera_rotation_n_points | C159: =IF(ISNA(VLOOKUP(A159,$B$2:$B$170,1,FALSE)),A159,"")
A160: x_center | C160: =IF(ISNA(VLOOKUP(A160,$B$2:$B$170,1,FALSE)),A160,"")
A161: y_center | C161: =IF(ISNA(VLOOKUP(A161,$B$2:$B$170,1,FALSE)),A161,"")
A162: z_center | C162: =IF(ISNA(VLOOKUP(A162,$B$2:$B$170,1,FALSE)),A162,"")
A163: z_camera | C163: =IF(ISNA(VLOOKUP(A163,$B$2:$B$170,1,FALSE)),A163,"")
A164: camera_distance | C164: =IF(ISNA(VLOOKUP(A164,$B$2:$B$170,1,FALSE)),A164,"")
A165: step_back_coefficient | C165: =IF(ISNA(VLOOKUP(A165,$B$2:$B$170,1,FALSE)),A165,"")
A166: initial_segment_length | C166: =IF(ISNA(VLOOKUP(A166,$B$2:$B$170,1,FALSE)),A166,"")
A167: initial_C_sucrose_root | C167: =IF(ISNA(VLOOKUP(A167,$B$2:$B$170,1,FALSE)),A167,"")
A168: initial_C_hexose_root | C168: =IF(ISNA(VLOOKUP(A168,$B$2:$B$170,1,FALSE)),A168,"")
A169: Plant_genotype | C169: =IF(ISNA(VLOOKUP(A169,$B$2:$B$170,1,FALSE)),A169,"")
